{
  "version": 1,
  "author": "User",
  "editor": "wokwi",
  "parts": [
    { "type": "board-esp32-devkit-c-v4", "id": "esp", "top": 0, "left": 0, "attrs": {} },
    {
      "type": "wokwi-led",
      "id": "led-green",
      "top": 18,
      "left": -195,
      "rotate": 90,
      "attrs": { "color": "green" }
    },
    {
      "type": "wokwi-led",
      "id": "led-yellow",
      "top": -39.6,
      "left": -195,
      "rotate": 90,
      "attrs": { "color": "yellow" }
    },
    {
      "type": "wokwi-led",
      "id": "led-red",
      "top": -87.6,
      "left": -195,
      "rotate": 90,
      "attrs": { "color": "red" }
    },
    {
      "type": "wokwi-resistor",
      "id": "r-green",
      "top": 100.8,
      "left": -86.95,
      "rotate": 90,
      "attrs": { "value": "220" }
    },
    {
      "type": "wokwi-resistor",
      "id": "r-yellow",
      "top": 158.4,
      "left": -86.95,
      "rotate": 90,
      "attrs": { "value": "220" }
    },
    {
      "type": "wokwi-resistor",
      "id": "r-red",
      "top": 216,
      "left": -86.95,
      "rotate": 90,
      "attrs": { "value": "220" }
    },
    {
      "type": "wokwi-photoresistor-sensor",
      "id": "sensor",
      "top": 185.6,
      "left": -335.2,
      "attrs": {}
    },
    { "type": "wokwi-tm1637-7segment", "id": "display", "top": -80, "left": 130, "attrs": {} },
    {
      "type": "wokwi-pushbutton",
      "id": "btn",
      "top": 35,
      "left": 124.8,
      "attrs": { "color": "blue" }
    },
    {
      "type": "wokwi-led",
      "id": "led-blue",
      "top": 25.2,
      "left": 215.4,
      "attrs": { "color": "blue", "flip": "1" }
    }
  ],
  "connections": [
    [ "esp:TX", "$serialMonitor:RX", "", [] ],
    [ "esp:RX", "$serialMonitor:TX", "", [] ],
    [ "led-green:C", "led-yellow:C", "black", [ "v20", "h20", "v20", "h-20" ] ],
    [ "led-yellow:C", "led-red:C", "black", [ "v20", "h20", "v20", "h-20" ] ],
    [ "led-red:C", "esp:GND.2", "black", [ "v20", "h80" ] ],
    [ "led-green:A", "r-green:2", "green", [ "h0" ] ],
    [ "led-yellow:A", "r-yellow:2", "gold", [ "h0" ] ],
    [ "led-red:A", "r-red:2", "red", [ "h0" ] ],
    [ "r-green:1", "esp:25", "green", [ "h40", "v15" ] ],
    [ "r-yellow:1", "esp:26", "gold", [ "h40", "v15" ] ],
    [ "r-red:1", "esp:27", "red", [ "h40", "v15" ] ],
    [ "sensor:GND", "esp:GND.1", "black", [ "v10", "h65" ] ],
    [ "sensor:VCC", "esp:3V3", "red", [ "v0" ] ],
    [ "sensor:AO", "esp:34", "purple", [ "v20", "h110", "v40" ] ],
    [ "display:VCC", "esp:VIN", "red", [ "h0" ] ],
    [ "display:GND", "esp:GND.1", "black", [ "h-20", "v40" ] ],
    [ "display:CLK", "esp:19", "gray", [ "h20", "v90" ] ],
    [ "display:DIO", "esp:18", "white", [ "h10", "v80" ] ],
    [ "btn:2.r", "esp:GND.2", "black", [ "h-10", "v20", "h-60" ] ],
    [ "btn:1.r", "esp:23", "green", [ "h-20", "v-10" ] ],
    [ "led-blue:C", "esp:GND.2", "black", [ "v10", "h-60" ] ],
    [ "led-blue:A", "esp:21", "blue", [ "h-20", "v-20" ] ]
  ],
  "dependencies": {}
}